<?xml version="1.0" encoding="UTF-8"?>
<!DOCTYPE mapper
        PUBLIC "-//mybatis.org//DTD Mapper 3.0//EN"
        "http://mybatis.org/dtd/mybatis-3-mapper.dtd">

<mapper namespace="com.koreait.hatw_b.mapper.InquiryMapper">

    <!-- 1) 내 문의사항 목록 조회 -->
    <select id="findByUserId"
            parameterType="string"
            resultType="com.koreait.hatw_b.dto.InquiryDTO">
        SELECT idx, userId, content, adminResponses, createdAt, updatedAt
        FROM inquiry
        WHERE userId = #{userId}
    </select>

    <!-- 2) 내 문의사항 단일 조회 -->
    <select id="findByIdxAndUserId"
            parameterType="map"
            resultType="com.koreait.hatw_b.dto.InquiryDTO">
        SELECT idx, userId, content, adminResponses, createdAt, updatedAt
        FROM inquiry
        WHERE idx    = #{idx}
          AND userId = #{userId}
    </select>

    <!-- 3) 관리자 전체 조회 (미답변 우선, 오래된 순) -->
    <select id="findAllForAdmin"
            resultType="com.koreait.hatw_b.dto.InquiryDTO">
        SELECT idx, userId, content, adminResponses, createdAt, updatedAt
        FROM inquiry
        ORDER BY
            adminResponses IS NOT NULL ASC,
            createdAt ASC
    </select>

    <!-- 4) INSERT -->
    <insert id="insertInquiry"
            parameterType="com.koreait.hatw_b.dto.InquiryDTO"
            useGeneratedKeys="true"
            keyProperty="idx">
        INSERT INTO inquiry
            (userId, content, adminResponses, createdAt, updatedAt)
        VALUES
            (#{userId}, #{content}, #{adminResponses}, #{createdAt}, #{updatedAt})
    </insert>

    <!-- 5) UPDATE (관리자 답변) -->
    <update id="updateInquiry"
            parameterType="com.koreait.hatw_b.dto.InquiryDTO">
        UPDATE inquiry
        SET adminResponses = #{adminResponses},
            updatedAt      = #{updatedAt}
        WHERE idx = #{idx}
    </update>

    <!-- 6) DELETE (본인만) -->
    <delete id="deleteInquiry"
            parameterType="map">
        DELETE FROM inquiry
        WHERE idx    = #{idx}
          AND userId = #{userId}
    </delete>

</mapper>
